name,lazada,shopee
SK AUTO SERVICE,s.lazada.co.th/s.ZhgP2S,s.shopee.co.th/6pxvVZ5y94
KODANGYANG,s.lazada.co.th/s.ZhT32Y,s.shopee.co.th/8KkPxrE8k6
B-Quik,s.lazada.co.th/s.ZhT3if,s.shopee.co.th/30kdO1jQ95
SPEED109,s.lazada.co.th/s.ZhT3IR,s.shopee.co.th/10joitzfct
J.S. Auto,s.lazada.co.th/s.tY0UX?cc,s.shopee.co.th/5VFN0hHsJn
Bravostone,s.lazada.co.th/s.ZhTe2Y,s.shopee.co.th/5AjW8IDYcC
YINGTHAWEE AUTO TIRE,s.lazada.co.th/s.ZhTekr,s.shopee.co.th/8pSg3GJJx4
KENKING,s.lazada.co.th/s.KL59I?cc,s.shopee.co.th/5VCE5oB7sp
TIRE-OFF,s.lazada.co.th/s.ZhTewj,s.shopee.co.th/AUau2YcFwG
