size,lazada,shopee
185/60R15,https://s.lazada.co.th/s.ZhbmNR?c=a&sub_aff_id=D6P,https://s.shopee.co.th/5AphjsK8dI
195/55R15,https://s.lazada.co.th/s.ZhW0iS?c=a&sub_aff_id=D6P,https://s.shopee.co.th/6pxvVZ5y94
195/60R15,https://s.lazada.co.th/s.ZhbPNg?c=b&sub_aff_id=D6P,https://s.shopee.co.th/8KmjVlcVE8
205/55R16,https://s.lazada.co.th/s.ZhWZEV?c=b&sub_aff_id=D6P,https://s.shopee.co.th/6pxvVZ5y94
215/70R15,https://s.lazada.co.th/s.ZhWZBC?c=b&sub_aff_id=D6P,https://s.shopee.co.th/6pxvVZ5y94
245/45R18,https://s.lazada.co.th/s.ZhWZNS?c=a&sub_aff_id=D6P,https://s.shopee.co.th/6pxvVZ5y94
265/60R18,https://s.lazada.co.th/s.ZhWZL1?c=b&sub_aff_id=D6P,https://s.shopee.co.th/6pxvVZ5y94
265/65R17,https://s.lazada.co.th/s.ZhWZlR?c=b&sub_aff_id=D6P,https://s.shopee.co.th/6pxvVZ5y94
30x9.5R15,https://s.lazada.co.th/s.ZhW04Y?c=a&sub_aff_id=D6P,https://s.shopee.co.th/6pxvVZ5y94
31x10.5R15,https://s.lazada.co.th/s.ZhW0Xq?c=b&sub_aff_id=D6P,https://s.shopee.co.th/6pxvVZ5y94
